,VALUE,label_id,label
33,"Andar Ismail, 2018, Selamat Paskah, Jakarta, BPK Gunung Mulia",1,Announcement
34,"Adrianus Sunarko, 2018, Kepada Allah Kita Berharap, Yogyakarta, Maharsa Publishing",1,Announcement
35,"Choan Seng Song, 2012, Allah yang Turut Menderita, Jakarta, BPK Gunung Mulia",1,Announcement
36,"E. Martasudjita, Pr., 2004, Tuhan yang Kita Sembah Pada Salib, Yogyakarta, Kanisius",1,Announcement
37,"Eko Riyadi, Pr., 2011, Yesus Kristus Tuhan Kita, Yogyakarta, Kanisus",1,Announcement
38,"Fletcher, 2007, Lihatlah Sang Manusia, Jakarta, BPK Gunung Mulia",1,Announcement
39,"Louis M. Bermejo, 2009, Misteri Makam Kosong, Yogyakarta, Kanisius",1,Announcement
40,"Marinus Hendrik Bolkestein, 1991, Kerajaan yang Terselubung, Jakarta, BPK Gunung Mulia",1,Announcement
41,"Raymond E. Brown, 1995, Kristus yang Bangkit Pada Masa Paskah. Yogyakarta, Kanisius",1,Announcement
42,"Roberth Davidson, 1998, Alkitab Berbicara, Jakarta, BPK Gunung Mulia",1,Announcement
43,"Surip Stanislaus, OFMCap., 2007, Rahasia Di Balik Paskah, Yogyakarta, Kanisius",1,Announcement
154,"Barth-Frommel, M.C. & Pareira, B.A. 2015. Tafsiran Alkitab: Kitab Mazmur 1-72 Pembimbing dan Tafsirannya. Jakarta: PT. BPK. Gunung Mulia.",1,Announcement
155,"Collins, J.J. 2004. Introduction to The Hebrew Bible. Fortress Press: Minneapolis",1,Announcement
156,"Hadiwijono, H. 2007. Iman Kristen. Jakarta: PT. BPK. Gunung Mulia.",1,Announcement
157,"Marxen, W. 2006. Pengantar Perjanjian Baru: Pendekatan Kritis Terhadap Masalah-masalahnya. Jakarta: PT. BPK. Gunung Mulia.",1,Announcement
158,"Van Bruggen, J. 2006. Markus: Injil Menurut Petrus. Jakarta: PT. BPK. Gunung Mulia.",1,Announcement
581,PANGGILAN BERIBADAH 	(Umat Berdiri),1,Announcement
582,"M1:	Saudara yang dikasihi Tuhan, mari kita masuki ibadah Rabu Abu dengan hati yang tertuju kepada Tuhan. Kita awali ibadah ini dengan bersama-sama menyanyikan PKJ 13:1-2",1,Announcement
603,KATA PEMBUKA 	(Umat Duduk),1,Announcement
604,"M2:	Pemazmur pernah berkata: ""Adapun manusia, hari-harinya seperti rumput, seperti bunga di padang demikianlah ia berbunga: apabila angin melintasinya maka tidak ada lagi ia, dan tempatnya tidak mengenalnya lagi."" (Mazmur 103:15-16). Itulah kita, manusia yang tinggi hati dan sering membanggakan diri. Melalui ibadah ini, kita akan bersama-sama belajar merendahkan diri di hadapan Tuhan dalam tema: Koyakkanlah Hatimu!",1,Announcement
605,"U:	(menyanyikan KJ 4:1,5)",1,Announcement
618,"U:	(Menyanyi PKJ 43:1, dinyanyikan dua kali)",1,Announcement
619,"PKJ 43 ""TUHAN, KAMI BERLUMURAN DOSA""",1,Announcement
623,(Organis tetap memainkan instrumentalia PKJ 43 selama berlangsungnya pengolesan abu),1,Announcement
624,"PF	:	Saudara-saudara, abu ini adalah lambang kerendahan. Mari kita oleskan di dahi sebagai tanda bahwa kita menyadari kerendahan kita di hadapan Tuhan…",1,Announcement
625,Abu ini adalah lambang kefanaan. Mari kita oleskan di dahi sebagai tanda bahwa kita menyadari bahwa kita ini debu dan akan kembali menjadi debu…,1,Announcement
626,Abu ini adalah lambang permohonan. Mari kita oleskan di dahi sebagai tanda bahwa kita sungguh-sungguh bertobat dan mengharapkan belas kasih Allah,1,Announcement
627,"PF dan Majelis Gereja memulai pengolesan abu di dahi masing-masing, diikuti oleh seluruh peserta ibadah. Sebaiknya pengolesan abu dilakukan masing-masing (bukan dioleskan oleh pendeta) untuk menunjukkan bahwa pertobatan itu lahir dari kesungguhan hati pribadi lepas pribadi.",1,Announcement
628,BERITA ANUGERAH 	(Umat Berdiri),1,Announcement
629,"PF	:	Bagi setiap orang yang sungguh-sungguh bertobat, Tuhan menyatakan anugerah-Nya: ""Sekalipun dosamu merah seperti kirmizi, akan menjadi putih seperti salju; sekalipun berwarna merah seperti kain kesumba, akan menjadi putih seperti bulu domba"" (Yesaya 18:1).",1,Announcement
630,Demikianlah berita anugerah dari Tuhan,1,Announcement
631,U:	Puji dan syukur kepada Tuhan!,1,Announcement
632,(Menyanyikan KJ 40:1-2),1,Announcement
638,PELAYANAN FIRMAN 	(Umat Duduk),1,Announcement
639,PF:	(Doa Epiklese),1,Announcement
641,"L1:	Bacaan pertama dari Yoel 2:1-2, 12-17",1,Announcement
642,Demikianlah Sabda Tuhan,1,Announcement
643,U:	Syukur kepada Allah,1,Announcement
644,Mazmur Tanggapan,1,Announcement
645,L2:	Mari kita tanggapi Firman Tuhan dengan membaca Mazmur 51 secara litani (bisa juga didaraskan),1,Announcement
647,L3:	Bacaan kedua dari II Korintus 5:20-6:10,1,Announcement
648,Demikianlah Sabda Tuhan,1,Announcement
649,U:	Syukur kepada Allah,1,Announcement
650,Pembacaan Injil,1,Announcement
651,"PF:	Pembacaan Injil, dari Matius 6:1-6, 16-21",1,Announcement
652,"Demikian Injil Yesus Kristus, yang berbahagia ialah mereka yang mendengarkan Firman Tuhan dan yang memeliharanya. HOSIANA.",1,Announcement
653,U: 	(menyanyikan HOSIANA),1,Announcement
654,Khotbah: Koyakkanlah Hatimu!,1,Announcement
656,PENGAKUAN IMAN 	(Umat Berdiri),1,Announcement
657,"M3:	Saudaraku yang terkasih, Sabda Tuhan hari ini telah meneguhkan iman kita, maka marilah menyatakan pengakuan iman kita dengan bersama mengucapkan Pengakuan Iman Rasuli",1,Announcement
658,U:	(Bersama-sama mengucapkan Pengakuan Iman Rasuli),1,Announcement
659,DOA SYAFAAT 	(Umat Duduk),1,Announcement
660,"PF:	(Menaikkan doa syafaat, bisa diakhiri dengan Doa Bapa Kami)",1,Announcement
662,"M4:	Saudara yang dikasihi dan diberkati Tuhan, marilah menyatakan syukur kepada Tuhan atas kasih dan pemeliharaan-Nya dalam hidup kita, dengan mengingat Mazmur 145:15-16, ""Mata sekalian orang menantikan Engkau, dan Engkau pun memberi mereka makanan pada waktunya; engkau yang membuka tangan-Mu dan yang berkenan mengenyangkan segala yang hidup""",1,Announcement
663,U:	(menghaturkan persembahan dan pujian KJ 287b:1-3),1,Announcement
676,DOA PERSEMBAHAN 	(Umat Berdiri),1,Announcement
677,M4:	(Memimpin doa persembahan),1,Announcement
678,PENGUTUSAN (DENGAN NYANYIAN),1,Announcement
679,U:	(Menyanyikan PKJ 179:1-2),1,Announcement
694,"PF:	Terimalah berkat Tuhan,",1,Announcement
695,"""TUHAN memberkati engkau dan melindungi engkau; TUHAN menyinari engkau dengan wajah-Nya dan memberi engkau kasih karunia; TUHAN menghadapkan wajah-Nya kepadamu dan memberi engkau damai sejahtera"" (Bilangan 6:24-26)",1,Announcement
696,U:	(menyanyikan HOSIANA 5x AMIN 3x).,1,Announcement
699,PANGGILAN BERIBADAH 	(Umat Berdiri),1,Announcement
700,"M1:	Saudara yang dikasihi dan mengasihi Tuhan, pelangi merupakan goresan indah yang Tuhan lukiskan di awan. Banyak orang mengartikan warna merah sebagai gambaran sebuah energi yang kuat. Jingga memberikan kesan hangat nan semangat. Kuning menggambarkan keceriaan. Hijau adalah warna alam dan membawa suasana yang santai. Biru yang menenangkan dan membangkitkan kepercayaan. Nila menggambarkan warna dimana ada sebuah idealisme dan mengantarkan kita pada introspeksi diri. Ungu memancarkan kebijaksanaan dan visioner.",1,Announcement
701,Pelangi yang indah mengingatkan kasih setia Allah yang memberikan rancangan indah bagi umat. Pelangi sebagai busur yang tak putus mengingatkan kembali akan kasih setia Allah yang tak terputus. Kita masuki ibadah Minggu Prapaska ke 1 dengan penghayatan bahwa Tuhan Allah yang senantiasa setia ada bersama kita dalam setiap situasi. Mari bersama kita memuji Tuhan dengan menyanyikan NKB 34:1-2.,1,Announcement
713,KATA PEMBUKA 	(Umat Duduk),1,Announcement
714,"M2:	Janji Tuhan Allah kepada manusia selalu indah dan tepat pada waktunya. Dia adalah setia dan adil sepanjang hidup umat manusia. Dia selalu menopang kita dimanapun serta kapanpun. Mazmur 25:10 „Segala jalan TUHAN adalah kasih setia dan kebenaran---bagi orang yang berpegang pada perjanjian-Nya--dan peringatan-peringatan-Nya""",1,Announcement
715,U:	(menyanyikan PKJ 165:1-2),1,Announcement
734,BERITA ANUGERAH 	(Umat Berdiri),1,Announcement
735,"PF:	Kasih setia Allah sungguh nyata dalam hidup umat -Nya. Sekalipun dosa dan kejahatan yang telah dilakukan, namun jika mau memperbaiki diri maka Tuhan Allah memberikan pengampunan-Nya. Seperti sabda-Nya ""Karena semua orang telah berbuat dosa-dan telah kehilangan kemuliaan Allah,-dan oleh kasih karunia-telah dibenarkan-dengan cuma-cuma karena penebusan-dalam Kristus Yesus""-(Roma 3:23-24).",1,Announcement
736,"U:	(Menyanyikan KJ 372:1,3)",1,Announcement
743,PELAYANAN FIRMAN 	(Umat Duduk),1,Announcement
744,PF:	(Doa Epiklese),1,Announcement
746,L1:	Bacaan pertama dari Kejadian 9:8-17,1,Announcement
747,Demikianlah Sabda Tuhan,1,Announcement
748,U:	Syukur kepada Allah,1,Announcement
749,Mazmur Tanggapan,1,Announcement
750,"L2:	Mari kita menanggapi Sabda Tuhan Kejadian 9:8-17, dengan membaca Mazmur 25:1-10 secara bersahutan (dapat didaraskan).",1,Announcement
752,L3:	Bacaan kedua dari 1 Petrus 3:18-22,1,Announcement
753,Demikianlah Sabda Tuhan,1,Announcement
754,U:	Syukur kepada Allah,1,Announcement
755,Pembacaan Injil,1,Announcement
756,"PF:	Pembacaan Injil, dari Markus 1:9-15",1,Announcement
757,"Demikian Injil Yesus Kristus, yang berbahagia ialah mereka yang mendengarkan Firman Tuhan dan yang memeliharanya. HOSIANA.",1,Announcement
758,U: 	(menyanyikan HOSIANA),1,Announcement
759,"Khotbah ""Berpengharapan dalam perjanjian Allah""",1,Announcement
761,Pengakuan Iman 	(Umat Berdiri),1,Announcement
762,"M4:	Bersama dengan umat Allah di sepanjang masa, kita mengikrarkan dan kita teguhkan kembali akan apa yang kita imani dengan bersama mengucapkan Pengakuan Iman Rasuli.",1,Announcement
763,U:	(Bersama-sama mengucapkan Pengakuan Iman Rasuli),1,Announcement
764,Doa Syafaat 	(Umat Duduk),1,Announcement
765,PF:	(Menaikkan doa syafaat diakhiri dengan menyanyikan doa Bapa Kami),1,Announcement
767,M5:	Janji Tuhan Allah selalu digenapi dalam hidup kita. Janji pemeliharaan Tuhan Allah selalu ada sepanjang hidup kita. Marilah kita mengungkapakan syukur atas berkat Tuhan dengan mengumpulkan persembahan.,1,Announcement
768,U:	(menyanyikan PKJ 145:1-3),1,Announcement
774,Doa Persembahan 	(Jemaat Berdiri),1,Announcement
775,M4:	(Memimpin doa persembahan),1,Announcement
776,Nyanyian Pengutusan,1,Announcement
777,U:	(menyanyikan Pelangi Sehabis Hujan),1,Announcement
783,"PF:	Pulanglah dalam sukacita karena mengingat sabda Tuhan,     bahwa janji-Nya selalu tergenapi. Rancangan-Nya selalu baik untuk manusia. Jalanilah hidup dalam dengan tetap setia pada janji. Tetaplah setia kepada Tuhan Allah Penyelamat, janji setia pada pasangan, keluarga, dan janji setian menjaga kelestarian alam.",1,Announcement
786,U:	(menyanyikan KJ 350),1,Announcement
792,PANGGILAN BERIBADAH 	(Umat Berdiri),1,Announcement
793,"M1:	Saudara yang dikasihi Tuhan, mari kita datang pada Tuhan serta percaya bahwa Dialah yang layak kita puji dan sembah. Kita bersama-sama memuji Tuhan.",1,Announcement
803,KATA PEMBUKA 	(Umat Duduk),1,Announcement
804,"M2:	Berani percaya bukanlah hal yang mudah, terutama saat segala sesuatu seperti tidak mungkin lagi. Tetapi, marilah kita belajar berani percaya seperti Abraham, saat Tuhan memperhitungkan percayanya Abraham, ketika mengatakan bahwa jumlah keturunan Abraham seperti bintang di langit, meskipun seolah mustahil karena saat itu dia sudah lanjut usia.",1,Announcement
805,U	:	Menyanyikan KJ. 68: 1 dan 3,1,Announcement
811,"U	:	(Memuji Tuhan dari KJ. 33: 1, 3 dan 5)",1,Announcement
817,BERITA ANUGERAH 	(Umat Berdiri),1,Announcement
818,"PF	:	Bagi setiap orang yang sungguh-sungguh bertobat, Tuhan menyatakan anugerah-Nya: ""Bagianku ialah TUHAN, aku telah berjanji untuk berpegang pada firman-firman-Mu. Aku memohon belas kasihan-Mu dengan segenap hati, kasihilah aku sesuai dengan janji-Mu"" (Mazmur 119:57-58).",1,Announcement
819,Demikianlah berita anugerah dari Tuhan,1,Announcement
820,U	:	Puji dan syukur kepada Tuhan!,1,Announcement
821,(Menyanyikan NKB.116:1-2),1,Announcement
826,PELAYANAN FIRMAN 	(Umat Duduk),1,Announcement
827,PF:	(Doa Epiklese),1,Announcement
829,"L1:	Bacaan pertama dari Kejadian 17:1-7, 15-16",1,Announcement
830,Demikianlah Sabda Tuhan,1,Announcement
831,U:	Syukur kepada Allah,1,Announcement
832,Mazmur Tanggapan,1,Announcement
833,L2:	Mari kita tanggapi Firman Tuhan dengan membaca Mazmur 22:23-32 secara berbalasan (bisa juga didaraskan),1,Announcement
835,L3:	Bacaan kedua dari Roma 4:13-25,1,Announcement
836,Demikianlah Sabda Tuhan,1,Announcement
837,U:	Syukur kepada Allah,1,Announcement
838,Pembacaan Injil,1,Announcement
839,"PF:	Pembacaan Injil, dari Markus 8:31-38",1,Announcement
840,"Demikian Injil Yesus Kristus, yang berbahagia ialah mereka yang mendengarkan Firman Tuhan dan yang memeliharanya. HOSIANA.",1,Announcement
841,U: 	(menyanyikan HOSIANA),1,Announcement
842,"Khotbah ""Berani Percaya""",1,Announcement
844,PENGAKUAN IMAN 	(Umat Berdiri),1,Announcement
845,"M3:	Saudara yang terkasih, Sabda Tuhan hari ini telah meneguhkan iman kita, maka marilah menyatakan pengakuan iman kita dengan bersama mengucapkan Pengakuan Iman Rasuli",1,Announcement
846,U:	(Bersama-sama mengucapkan Pengakuan Iman Rasuli),1,Announcement
847,DOA SYAFAAT 	(Umat Duduk),1,Announcement
848,"PF:	(Menaikkan doa syafaat, bisa diakhiri dengan Doa Bapa Kami)",1,Announcement
850,"M4:	Saudara yang dikasihi dan diberkati Tuhan, marilah menyatakan syukur kepada Tuhan atas kasih dan pemeliharaan-Nya dalam hidup kita, dengan mengingat Mazmur 136:26, ""Bersyukurlah kepada Allah semesta langit! Bahwasanya untuk selama-lamanya kasih setia-Nya.""",1,Announcement
851,U:	(Memuji Tuhan dari KJ. 291:1-4),1,Announcement
861,DOA PERSEMBAHAN 	(Umat Berdiri),1,Announcement
862,M4:	(Memimpin doa persembahan),1,Announcement
863,PENGUTUSAN (DENGAN NYANYIAN),1,Announcement
864,"U:	(Menyanyikan KJ. 387: 1 dan 5 ""'KU HERAN, ALLAH MAU MEMB'RI)",1,Announcement
871,U:	(menyanyikan HOSIANA 5x AMIN 3x),1,Announcement
874,JEMAAT BERHIMPUN,1,Announcement
875,"PL.:	Memasuki Minggu ketiga Prapaska ini, marilah kita beribadah kepada Tuhan dengan menghayati bahwa kita masuk ke Rumah Tuhan dan mengarahkan diri kepada Kristus Raja Gereja. Dengan bangkit berdiri, mari kita muliakan nama-Nya seraya menyanyikan PKJ 13 ""Kita Masuk Rumah-Nya""",1,Announcement
877,PROSESI  DENGAN NYANYIAN,1,Announcement
878,"U:	(Menyanyikan PKJ 13:1-3. Sementara itu, bersamaan dengan bunyi bel 3x, Penatua & Pelayan Firman berprosesi memasuki ruang kebaktian)",1,Announcement
897,"PL:	Cintaku pada Rumah-Mu. Tema ini akan kita hayati bersama pada hari ini melalui kisah Penyucian Bait Allah yang dilakukan Yesus. Penyediaan hewan-hewan korban dan penukaran uang untuk keperluan peribadatan umat telah bergeser untuk kepentingan sendiri. Ia marah karena Bait Allah tidak lagi dipakai untuk menyatakan cinta manusia kepada Allah, namun hanya untuk kepentingan sendiri.",1,Announcement
898,"Panggilan Allah kepada kita, untuk menyatakan bakti kita kepada-Nya, kita ungkapkan dengan peribadahan yang kita selenggarakan. Menghayati panggilan Tuhan, kita datang bagi-Nya dan puji bagi kemuliaan nama-Nya, melalui KJ 355:1,3 ""YESUS MEMANGGIL""",1,Announcement
899,NYANYIAN PUJIAN,1,Announcement
900,"U: 	(menyanyikan KJ. 355: 1, 3 YESUS MEMANGGIL)",1,Announcement
908,"U: 	(Menyanyikan NKB 203:1,2 ""ADAKAH TEMPAT BAGI-NYA"")",1,Announcement
913,BERITA ANUGERAH,1,Announcement
914,"PF:	Kepada setiap orang yang telah menyesali dan mau bertobat dari segala dosanya, berita anugerah Tuhan berbunyi, „Dosaku kuberitahukan kepada-Mu dan kesalahanku tidaklah kusembunyikan; aku berkata: ""Aku akan mengaku kepada TUHAN pelanggaran-pelanggaranku,"" dan Engkau mengampuni kesalahan karena dosaku."" (Mazmur 32:5).",1,Announcement
915,Demikianlah berita anugerah dari Tuhan!,1,Announcement
916,U: 	Syukur kepada Allah!,1,Announcement
917,"(Umat bersalam namaste dan memberikan ucapan:  ""Damai Kristus besertamu"")",1,Announcement
919,"(Umat menyatakan tekad hidup barunya dengan menyanyikan KJ 376:1,4)",1,Announcement
930,PELAYANAN FIRMAN,1,Announcement
931,Doa Pelayanan Firman,1,Announcement
932,PF: 	(Berdoa mohon pertolongan Roh Kudus),1,Announcement
933,Pembacaan Alkitab,1,Announcement
935,L1: 	Keluaran 17:1-7,1,Announcement
936,Demikianlah sabda Tuhan.,1,Announcement
937,U: 	Syukur kepada Allah.,1,Announcement
938,Mazmur Tanggapan,1,Announcement
939,L2: 	Mari kita tanggapi Firman Tuhan dengan membaca Mazmur 19 secara litani (bisa juga didaraskan),1,Announcement
941,L3:	1 Korintus 1:18-25.,1,Announcement
942,Demikianlah sabda Tuhan.,1,Announcement
943,U: 	Syukur kepada Allah.,1,Announcement
945,PF: 	Bacaan Injil diambil dari Yohanes 2:13-22,1,Announcement
946,"Demikian Injil Yesus Kristus, yang berbahagia ialah mereka yang mendengarkan Firman Tuhan dan yang memeliharanya. HOSIANA.",1,Announcement
947,U: 	(Menyanyikan) Hosiana (3x).,1,Announcement
948,Khotbah: Cintaku Pada Rumah-MU,1,Announcement
952,"Pnt: 	Marilah, sebagai bagian dari umat Tuhan di dunia dan di segala zaman, kita mengingat dan menegaskan kembali iman kita dengan mengucapkan ulang Pengakuan Iman Rasuli yang demikian ....",1,Announcement
953,U: 	Aku percaya … dst.,1,Announcement
956,PF: 	(memimpin doa syafaat),1,Announcement
958,Nas Persembahan,1,Announcement
959,"Pnt: 	Marilah kita mengingat kasih-Nya melalui persembahan yang kita haturkan pada-Nya. Firman Tuhan dari 1 Petrus 2:5,""Dan biarlah kamu juga dipergunakan sebagai batu hidup untuk pembangunan suatu rumah rohani, bagi suatu imamat kudus, untuk mempersembahkan persembahan rohani yang karena Yesus Kristus berkenan kepada Allah.""",1,Announcement
960,"Persembahan diiringi nyanyian PKJ 146:1-3 ""Bawa Persembahanmu""",1,Announcement
961,Nyanyian Jemaat,1,Announcement
962,"U: 	(menyanyikan PKJ. 146:1-3, Umat memberikan persembahannya).",1,Announcement
970,Doa Persembahan,1,Announcement
971,Dkn/Pnt: (Berdoa syukur dan doa Bapa Kami),1,Announcement
974,(Doa Bapa Kami juga dapat dinyanyikan),1,Announcement
977,Nyanyian Pengutusan,1,Announcement
978,"J: 	(Menyanyikan, PKJ 264)",1,Announcement
985,"PF: 	Saudaraku, rayakanlah setiap perjumpaan dengan Kristus dalam kehidupan Saudara ….",1,Announcement
986,kini arahkanlah hatimu kepada Tuhan!,1,Announcement
987,U: 	Kami mengarahkan hati kami kepada Tuhan.,1,Announcement
988,PF: 	Jadilah saksi Kristus dengan memberlakukan kasih di tengah dunia,1,Announcement
989,U: 	Syukur kepada Allah.,1,Announcement
990,"PF: 	Terpujilah Tuhan, Sumber Kehidupan!",1,Announcement
991,U: 	Kini dan selamanya.,1,Announcement
995,U:		(menyanyikan) HOSIANA (5x) AMIN (3x),1,Announcement
996,"(Ibadah selesai, PF turun dari mimbar mengikuti Pnt/Imam )",1,Announcement
1003,BERHIMPUN MENGHADAP-NYA,1,Announcement
1005,"PL:   	Allah hadir di sini, mengundang kita",1,Announcement
1006,Allah hadir di  sini 'tuk memberi anugerah-Nya,1,Announcement
1007,Mari bangkit berdiri menyambut rahmat-Nya dengan puji dan syukur kita,1,Announcement
1009,"Jemaat Menyanyikan KJ 18:1,4",1,Announcement
1026,"PL:  	Hari ini kita akan menggumuli tema Anugerah Kasih Allah Yang Menghidupkan. Melalui ibadah kita diajak untuk memahami dan mengalami anugerah kasih Allah dalam Kristus yang membawa kehidupan, keselamatan dan pemulihan bagi kita yang berdosa. Melalui tema ini kita juga diajak mengalirkan kasih Allah yang membawa kehidupan bagi sesama kita.",1,Announcement
1027,MENYANYI BERSAMA,1,Announcement
1031,MENGAKUI DOSA (dalam doa dan nyanyian),1,Announcement
1042,"(Menyanyi bersama lagu KJ 29:1-3 ""DI MUKA TUHAN YESUS"")",1,Announcement
1050,BERITA ANUGERAH,1,Announcement
1051,"PL:	Sebab, jika oleh dosa satu orang, maut telah berkuasa oleh satu orang itu, maka lebih benar lagi mereka, yang telah menerima kelimpahan kasih karunia dan anugerah kebenaran, akan hidup-dan berkuasa oleh karena satu orang itu, yaitu Yesus Kristus (Roma 5:17).",1,Announcement
1052,Demikianlah berita anugerah dari Tuhan,1,Announcement
1053,U:	Syukur kepada Allah,1,Announcement
1054,"(Jemaat mengucapkan; ""Salam Damai"" dan salam namaste)",1,Announcement
1055,MENYANYI BERSAMA,1,Announcement
1056,"PKJ 128:1-3 ""KASIH TUHAN YESUS TIADA BERTEPI""",1,Announcement
1061,MENDENGAR SABDA-NYA,1,Announcement
1062,DOA EPIKLESE - MOHON PENERANGAN ROH KUDUS,1,Announcement
1063,PF:	Menaikkan doa mohon hikmat Allah,1,Announcement
1064,PEMBACAAN ALKITAB,1,Announcement
1066,L:   	Bacaan pertama diambil dari Bilangan pasal 1 ayat 4 sd 9,1,Announcement
1067,"(L membacakannya …  setelah selesai), Demikianlah Sabda Tuhan",1,Announcement
1068,U:  	Syukur kepada Allah,1,Announcement
1070,"L:   	Marilah kita menanggapi bacaan tadi dengan Mazmur 107:1-3, 17-22",1,Announcement
1071,(L membacakannya/Pemazmur menyanyikannya bersama Umat),1,Announcement
1073,L:	Bacaan kedua diambil dari Efesus 2:1-10,1,Announcement
1074,(L membacakannya …  setelah selesai) Demikianlah Sabda Tuhan,1,Announcement
1075,U:	Syukur pada Allah,1,Announcement
1077,PF:	Bacaan Injil diambil Kitab Injil Tuhan Yesus Kristus menurut Yohanes pasal 3 ayat 14 sampai 21.,1,Announcement
1078,"(PF membacakannya …  setelah selesai), Demikianlah Injil Yesus Kristus.",1,Announcement
1079,Berbahagialah mereka yang mendengarkan Firman Allah dan memeliharanya. Hosiana,1,Announcement
1143,PANGGILAN BERIBADAH 	(Umat Berdiri),1,Announcement
1144,"M1:	Saudara yang dikasihi Tuhan, Minggu ini kita memasuki Minggu Prapaska ke-5. Mari mempersiapkan hati dan pikiran kita agar mengalami perjumpaan dengan Tuhan. Dengan berdiri kita membaca Mazmur 103:8, demikian: ""Tuhan adalah penyayang dan pengasih, panjang sabar dan berlimpah kasih setia."" Kita bersyukur menyambut undangan Tuhan untuk datang kepada-Nya, mari bersama kita pujikan:",1,Announcement
1155,KATA PEMBUKA 	(Umat Duduk),1,Announcement
1156,"PF:	 I Yohanes 4:18 berkata demikian: Di dalam kasih tidak ada ketakutan: kasih yang sempurna melenyapkan ketakutan; sebab ketakutan mengandung hukuman dan barangsiapa takut, ia tidak sempurna dalam kasih. Saudara yang dikasihi Tuhan, kasih Allah membawa pemulihan dalam kehidupan kita. Kita meyakini di dalam kasih, penghukuman dan penghakiman digantikan-Nya menjadi pengampunan dan pengasihan. Mari bersyukur untuk segala kemurahan Tuhan dalam hidup kita.",1,Announcement
1157,U:	(Kasih Allahku Sungguh T'lah Terbukti),1,Announcement
1158,"Diambil dari lagu pop rohani,",1,Announcement
1164,LITANI PENGAKUAN DOSA,1,Announcement
1165,PF:	Marilah merendahkan hati di hadapan Tuhan untuk mengaku dosa dan kesalahan kita. Diberikan kesempatan secara pribadi untuk jemaat berdoa….,1,Announcement
1166,(Doa pengakuan dosa secara pribadi),1,Announcement
1167,U:	(menyanyikan Refr. Mazmur 31 - Mazmur GKI),1,Announcement
1171,U:	(menyanyikan Refr. Mazmur 31 - Mazmur GKI),1,Announcement
1175,U:	(menyanyikan Refr. Mazmur 31 - Mazmur GKI),1,Announcement
1179,U:	(menyanyikan Refr. Mazmur 31 - Mazmur GKI),1,Announcement
1182,BERITA ANUGERAH 	(Umat Berdiri),1,Announcement
1183,PF:	Di dalam Kristus dosamu telah diampuni,1,Announcement
1184,U:	Di dalam Kristus dosamu juga telah diampuni,1,Announcement
1185,"PF:	Mari menyambut berita anugerah dari Allah untuk pengampunan dosa setiap kita. I Yoh. 1:9-10 berkata demikian, ""Jika kita mengaku dosa kita, maka Ia adalah setia dan adil, sehingga Ia akan mengampuni segala dosa kita dan menyucikan kita dari segala kejahatan. Jika kita berkata bahwa kita tidak ada berbuat dosa, maka kita membuat Dia menjadi pendusta dan firman-Nya tidak ada di dalam kita."" Demikianlah berita anugerah dari Tuhan.",1,Announcement
1186,U:	Syukur kepada Allah,1,Announcement
1187,PF:	Marilah hidup dalam perdamaian dengan Allah dan sesama kita. Damai Tuhan beserta saudara sekalian.,1,Announcement
1188,"Salam Damai (umat bersalam damai dan mengucapkan: ""damai Tuhan besertamu"".)",1,Announcement
1189,U:	(Menyanyikan KJ 387:1-3),1,Announcement
1195,PELAYANAN FIRMAN 	(Umat Duduk),1,Announcement
1196,PF:	(Doa Epiklese),1,Announcement
1197,U:	(Menyanyikan KJ 50:1 Lektor menempatkan diri),1,Announcement
1201,L1:	Bacaan pertama diambilkan dari Yeremia 31:31-34,1,Announcement
1202,Demikianlah Sabda Tuhan,1,Announcement
1203,U:	Syukur kepada Allah,1,Announcement
1204,Mazmur Tanggapan,1,Announcement
1205,"L2:	Mari kita menanggapi Sabda Tuhan Yeremia 31:31-34, dengan membaca Mazmur 51:2-13 secara bersautan.",1,Announcement
1207,L3:	Bacaan kedua dari Ibrani 5:5-10,1,Announcement
1208,Demikianlah Sabda Tuhan,1,Announcement
1209,U:	Syukur kepada Allah,1,Announcement
1210,Pembacaan Injil,1,Announcement
1211,"PF:	Pembacaan Injil, dari Yohanes 12:20-33",1,Announcement
1212,"Demikian Injil Yesus Kristus, yang berbahagia ialah mereka yang mendengarkan Firman Tuhan dan yang memeliharanya. HOSIANA.",1,Announcement
1213,U: 	(menyanyikan HOSIANA),1,Announcement
1214,"Khotbah ""Kasih Allah Melampaui Penghukuman""",1,Announcement
1216,Pengakuan Iman 	(Umat Berdiri),1,Announcement
1217,"M3:	Bersama dengan umat Allah di sepanjang masa, mari kita ikrarkan dan kita teguhkan kembali akan apa yang kita imani dengan bersama mengucapkan Pengakuan Iman Rasuli.",1,Announcement
1218,U:	(Bersama-sama mengucapkan Pengakuan Iman Rasuli),1,Announcement
1219,Doa Syafaat 	(Umat Duduk),1,Announcement
1220,PF:	(Menaikkan doa syafaat. Doa syafaat diakhiri dengan menyanyikan doa Bapa Kami),1,Announcement
1222,"M4:	Persembahan adalah wujud ungkapan syukur kita atas segala berkat pemeliharaan Tuhan dalam hidup. Marilah membawa persembahan pada Tuhan dengan hati yang bersyukur, bersukacita dan sukarela. Nats yang mendasari persembahan diambilkan dari Mazmur 107:1-2, ""Bersyukurlah kepada TUHAN, sebab Ia baik! Bahwasannya untuk selama-lamanya kasih setia-Nya. Biarlah itu dikatakan orang-orang yang ditebus TUHAN, yang ditebus-Nya dari kuasa yang menyesakkan.""",1,Announcement
1223,U:	(menyanyikan PKJ 148 - T'rima Kasih Ya Tuhanku),1,Announcement
1228,Doa Persembahan 	(Umat Berdiri),1,Announcement
1229,M4:	(Memimpin doa persembahan),1,Announcement
1230,Nyanyian Pengutusan,1,Announcement
1231,"PF:	Saudara, ingatlah bahwa pengampunan dan pengasihan Allah membuat hidup kita mengalami pemulihan dan pembaharuan. Tetap hidup dalam pimpinan Allah Roh Kudus yang terus memperbaharui kehidupan kita.",1,Announcement
1232,U:	(Menyanyikan KJ 426:1-3 Kita Harus Membawa Berita),1,Announcement
1239,PF:	Ibadah tidak hanya ada di dalam gedung gereja. Hidup kita sehari-hari juga adalah ibadah yang harus kita persembahkan bagi kemuliaan nama Tuhan. Maka arahkanlah hatimu kepada Tuhan dan terimalah berkat Tuhan.....,1,Announcement
1242,"U:	(menyanyikan) Haleluya 5x, Amin 3x",1,Announcement
1244,"M:	Hari ini kedatangan Tuhan Yesus di Yerusalem disambut dengan sukacita dan sorak-sorai. Betapa tidak? Penindasan yang begitu lama dirasakan, penderitaan yang begitu berat dialami, akan segera berakhir.",1,Announcement
1245,U:	Hosana! Diberkatilah Dia yang datang dalam nama Tuhan! (sambil melambaikan daun palem),1,Announcement
1246,"M:	Kedatangan-Nya tidak menunggang seekor kuda perang melainkan seekor keledai muda. Bukan karpet merah alas-Nya berjalan, melainkan hanya hamparan kain dan pakaian. Bukan dengan umbul-umbul dan bendera perang Ia disambut, melainkan dengan ranting daun palem.",1,Announcement
1247,U:	Hosana! Diberkatilah Dia yang datang dalam nama Tuhan! (sambil melambaikan daun palem),1,Announcement
1248,"M:	Tanpa sadar kedatangan-Nya bukanlah untuk menghancurkan melainkan memulihkan. Kehadiran-Nya bukan untuk membebaskan umat dari keterjajahan politik duniawi, melainkan membebaskan dari kuasa dosa dan maut. Kedatangan-Nya bukanlah untuk mengalahkan melainkan memberikan keselamatan secara utuh, di bumi seperti di sorga.",1,Announcement
1249,"U:	Hosana, selamatkanlah kami sekarang ini! (sambil melambaikan daun palem)",1,Announcement
1250,M:	Kusongsong bagaimana Ya Yesus Datangmu! KJ 85 bait 1 dan 2 kita nyanyikan bersama-sama.,1,Announcement
1251,"KJ 85:1-2 ""KUSONGSONG BAGAIMANA""",1,Announcement
1260,"PF:	Ibadah Minggu Palma ini kita sucikan dengan pengakuan: Pertolongan kita adalah di dalam nama Tuhan, Pencipta langit dan bumi, yang senantiasa setia dan tidak pernah meninggalkan perbuatan tangan-Nya.",1,Announcement
1263,"PF:	Kasih karunia dan damai sejahtera dari Allah Bapa kita, dan dari Tuhan Yesus Kristus menyertai Saudara sekalian.",1,Announcement
1264,U:	Dan menyertai Saudara juga,1,Announcement
1265,KATA PEMBUKA 	(Umat Duduk),1,Announcement
1266,"M:	Dalam situasi penuh beban dan penderitaan, semua orang berharap akan adanya pembebasan. Bukan hanya berharap melainkan juga memaksakan keterwujudan harapan tersebut. Sayangnya, alih-alih menuntut dan memaksa diri sendiri untuk mewujudkannya, mereka menuntut dan memaksa orang lain untuk mewujudkannya. Disinilah keberanian Tuhan Yesus untuk menderita, bahkan menderita sampai mati, menjadi begitu bermakna bagi penyelamatan semesta secara saksama.",1,Announcement
1273,"PF:	(membacakan Mat. 22:37-40), Teladan kasih yang begitu nyata telah dilakukan Tuhan Yesus melalui salib, kematian dan juga kebangkitan-Nya. Bukan hanya keberaniaan-Nya menanggung derita, melainkan juga berkorban hidup seutuhnya bagi keselamatan dunia. Sudahkah kita rela menderita untuk mewujudkan kasih kepada Tuhan dan sesama?    (hening sejenak)",1,Announcemen
1278,"PF:	Bagi setiap kita yang dengan sungguh-sungguh menyatakan dosa dan penyesalan di hadapan Tuhan, Tuhan berkenan menyatakan anugerah pengampunannya. Berita anugerah terambil dari Filipi 1:29, ""Sebab kepada kamu dikaruniakan bukan saja untuk percaya kepada Kristus, melainkan juga untuk menderita untuk Dia""",1,Announcement
1307,"PF:	Pembacaan Injil dari Markus 11:1-11,",1,Announcement
1308,"Demikian Injil Yesus Kristus, yang berbahagia ialah-mereka yang mendengarkan Firman Tuhan dan yang memeliharanya. HOSIANA.",1,Announcement
1312,"Khotbah ""Berani Menderita""",1,Announcement
1313,"M:	Bersama dengan umat Tuhan, dulu kini dan sepanjang segala masa, marilah kita meneguhkan kembali pengakuan iman kita menurut pengakuan Iman Rasuli",1,Announcement
1314,U:	(Bersama-sama mengucapkan Pengakuan Iman Rasuli),1,Announcement
1315,"M:	Marilah kita menaikkan syukur kita dengan memberikan persembahan yang telah kita siapkan dari rumah masing-masing. Firman Tuhan yang menjadi dasar di dalam kita mempersembahkan terambil dari 2 Korintus 8:12 demikian,  ""Sebab jika kamu rela untuk memberi, maka pemberianmu akan diterima, kalau pemberianmu itu berdasarkan apa yang ada padamu, bukan berdasarkan apa yang tidak ada padamu""",1,Announcement
1345,"PF:	Pulanglah dalam sukacita karena mengingat sabda Tuhan    Roma 8:17b,  ""Jika kita menderita bersama-sama dengan Dia, supaya kita juga dipermuliakan bersama-sama dengan Dia.""  Beranilah menderita dan  Jalanilah hidup dalam rasa syukur untuk melakukan panggilan-Nya. Tuhan mengiringi hidup saudara dengan berkat-Nya. Arahkanlah hatimu kepada Tuhan",1,Announcement
1346,U: 	Kami mengarahkan hati kepada Tuhan,1,Announcement
1347,PF: 	Jadilah saksi Kristus,1,Announcement
1348,U:	Syukur kepada Allah,1,Announcement
1349,PF:	Terpujilah Tuhan,1,Announcement
1350,U:	Kini dan sepanjang segala masa.,1,Announcement
1351,"PF:	Dan Allah, sumber segala kasih karunia, yang telah memanggil kamu dalam Kristus kepada kemuliaan-Nya yang kekal, akan melengkapi, meneguhkan, menguatkan dan mengokohkan kamu, sesudah kamu menderita seketika lamanya. Ialah yang empunya kuasa sampai selama-lamanya! Amin.",1,Announcement
1353,Doa persiapan ibadah di konsistori,1,Announcement
1354,Saat teduh pribadi,1,Announcement
1356,"PL: 	Hari ini kita dipanggil Allah, bersekutu dalam perayaan iman Ibadah Kamis Putih. Di malam menjelang penyaliban-Nya, Yesus memilih berdiam di tengah para murid-Nya. Memberikan roti dan anggur sebagai lambang bahwa Ia membagikan tubuh dan darahnya. Membasuh kaki para murid-Nya supaya mendapat bagian dalam-Nya. Di bawah bayang-bayang maut, kemuliaan kasih Yesus dinyatakan penuh dengan merendahkan diri di antara umat kepunyaan-Nya. Di malam itu, bukanlah sebuah kengerian semata. Tetapi sebuah babak pembebasan umat manusia oleh karya kasih Allah. Maukah kita menerima undangan-Nya?",1,Announcement
1357,"NKB 73:1,3 ""KASIH TUHANKU LEMBUT""",1,Announcement
1372,PF:	Marilah ibadah Kamis Putih ini kita rayakan dalam pengakuan:,1,Announcement
1373,U:	Pertolongan kita ada di dalam nama Tuhan yang menciptakan langit dan bumi.,1,Announcement
1374,"PF: 	Memelihara jemaat-Nya dengan kasih setia,",1,Announcement
1375,U: 	Dan tidak pernah meninggalkan perbuatan tangan-Nya.,1,Announcement
1376,"PF: 	di dalam nama Allah Bapa, Putra, dan Roh Kudus. Amin",1,Announcement
1377,U:	(menyanyikan) Amin… Amin… Amin…,1,Announcement
1378,PF:	Kasih karunia dan damai sejahtera dari Allah Bapa dan Tuhan Yesus Kristus beserta saudara sekalian.,1,Announcement
1379,U:	dan beserta saudara juga.,1,Announcement
1380,"PL: 	Paska berarti 'berjalan melewati'. Bagi umat Israel, Paska menjadi titik balik sejarah ketika Tuhan 'berjalan melewati' (menyelamatkan) mereka dari perbudakan di Mesir. Paska adalah bayangan tentang karya Allah yang menebus dan membebaskan umat-Nya. Tentang Allah yang mempertahankan kepunyaan-Nya. Dan kini bayangan Paska digenapi bersama perayaan dalam Kamis Putih.",1,Announcement
1381,"Yesus Kristus menjadi domba Paska sejati yang menebus dan membebaskan manusia dari keterikatan dosa. Roti dan anggur yang dibagikan berakar dari Perjamuan Paska umat Israel, bukan sekadar pembebasan dari penjajahan bangsa Mesir, melainkan keselamatan bagi umat manusia. Kaki yang dibasuh menjadi tanda umat Allah telah ditebus dan disucikan untuk mendapat bagian dalam persekutuan dengan-Nya.",1,Announcement
1382,Karena itu dengarkanlah Berita Penyelamatan Allah dalam peristiwa Paska yang Pertama:,1,Announcement
1383,(membacakan atau menampilkan Keluaran 12: 1 - 14),1,Announcement
1384,"-bisa disertai gambar atau drama ilustrasi, dan diiringi musik instrumen-",1,Announcement
1385,Demikianlah Sabda Tuhan!,1,Announcement
1386,U:	Syukur kepada Allah!,1,Announcement
1399,"NKB 23:1,2 ""DI DALAM KASIH TEGUH""",1,Announcement
1410,"PF: 	Karya keselamatan Allah yang membebaskan kita, juga mempersatukan kita sebagai komunitas Tubuh Kristus. Seperti Tuhan Yesus yang telah membagikan diri-Nya kepada dunia, demikian pula kita dipanggil untuk hidup berbagi dengan sesama. Mengosongkan diri dan hidup berbagi adalah sikap menghormati Perjamuan Tuhan sebagai hidup yang menjadi bagian tubuh dan darah Kristus.",1,Announcement
1411,(membacakan I Korintus 11: 23-26),1,Announcement
1412,Demikianlah Berita Anugerah Tuhan!,1,Announcement
1413,U:	Syukur kepada Allah!,1,Announcement
1414,"NKB 17:1,2 ""AGUNGLAH KASIH ALLAHKU""",1,Announcement
1427,"PF:	Jikalau Aku membasuh kakimu, Aku adalah Tuhan dan gurumu, maka kamupun wajib saling membasuh kakimu; sebab Aku telah memberikan suatu teladan kepada kamu, supaya kamu juga berbuat sama seperti yang telah Kuperbuat kepadamu. (Yoh. 13: 14-15).",1,Announcement
1432,"KJ 178:1,2 ""KAR'NA KASIHNYA PADAKU""",1,Announcement
1441,"PF:	O Kristus Juru Selamat, Engkau mengalami kematian seperti biji gandum yang jatuh ke dalam tanah. Bersatu dengan Engkau, hidup kami akan menghasilkan buah banyak.",1,Announcement
1442,"U:	Syukur kepada-Mu, ya Tuhan!",1,Announcement
1443,"PF:	O Kristus, Engkau merendahkan diri hingga menjadi manusia yang paling hina. Engkau berada di dekat saudara-saudara kami yang terlantar dan ditinggalkan.",1,Announcement
1444,"U:	Syukur kepada-Mu, ya Tuhan!",1,Announcement
1445,"PF:	Karena kasih, Engkau menanggung dosa-dosa kami dan meskipun tidak bersalah Engkau mengalami kematian untuk mengangkat kami dari maut.",1,Announcement
1446,"U:	Syukur kepada-Mu, ya Tuhan!",1,Announcement
1447,"PF:	Berkat cinta-Mu, Engkau mengalahkan kejahatan dan kebencian dan hidup bersama Bapa untuk selama-lamanya.",1,Announcement
1448,"U:	Syukur kepada-Mu, ya Tuhan!",1,Announcement
1449,"PF:	Dalam belas kasih-Mu, Engkau mendengarkan kami dan mengunjungi kami dalam kemalangan. Penuhilah hati kami dengan menampakkan cahaya wajah-Mu.",1,Announcement
1450,"U:	Syukur kepadaMu, ya Tuhan!",1,Announcement
1451,"NKB 85:1,2 ""KAR'NA KASIHNYA""",1,Announcement
1468,"PF: 	Kini terimalah berkat Tuhan: Damai sejahtera dan kasih dengan iman dari Allah, Bapa dan dari Tuhan Yesus Kristus menyertai saudara. Kasih karunia menyertai semua orang, yang mengasihi Tuhan kita Yesus Kristus dengan kasih yang tidak binasa (Efesus 6:23-24). Amin.",1,Announcement
1469,J:	(menyanyikan) Hosiana (5x) Amin (3x),1,Announcement
1470,"M1:	Tetesan darah yang jatuh tertinggal di setiap bekas langkah kaki-Nya tak lagi dihiraukan, dera cambukan dan pukulan, bertabur ludah hinaan dan tawa ejekan seakan menambah beban salib yang di panggul-Nya namun Ia tetap setia menyusuri jalan penderitaan, Via Dolorosa",1,Announcement
1471,"Jalan kesengsaraan  menuju Golgota  dilihat banyak orang sebagai awal kekalahan-Nya, namun itu semua rela dijalani untuk kemenangan kita umat kekasih-Nya.",1,Announcement
1472,"Mari dengan kerendahan hati, kita datang  dalam ibadah kepada Tuhan  menghayati kesetian-Nya, pengorbanan-Nya  memandang salib-Nya",1,Announcement
1492,"M1:	Peristiwa salib adalah peristiwa tragis seolah seorang Anak dibiarkan oleh Bapa-Nya mengalami sengsara dan dikalahkan dunia,",1,Announcement
1493,"Peristiwa salib mengajak kita menghayati peristiwa masa kini untuk menemukan jawab atas pertanyaan ""Apakah benar Allah itu kalah dan membiarkan malapetaka menguasai dunia?"" atau Tuhan punya cara dalam menunjukkan kehendak-Nya?",1,Announcement
1494,Marilah kita membawa hormat dan kekaguman atas pengorbananNya dengan bersama menyanyikan KJ 170:1-2,1,Announcement
1495,"KJ 170:1-2 ""KEPALA YANG BERDARAH""",1,Announcement
1500,PENYESALAN DOSA,1,Announcement
1507,"KJ 27:1-3 ""MESKI TAK LAYAK DIRIKU""",1,Announcement
1520,"PF:	Bagi setiap orang yang dengan tulus hati menyesali dosanya di hadapan Tuhan, Ia menjanjikan anugerah pengharapan dan sekaligus panggilan  untuk hidup   dalam terang-Nya seperti yang tertulis dalam 1 Yohanes 1:7 ""Tetapi jika kita hidup di dalam terang  sama seperti Dia ada di dalam terang, maka kita beroleh persekutuan seorang dengan yang lain, dan darah Yesus, Anak-Nya itu, menyucikan kita dari pada segala dosa.""",1,Announcement
1521,Demikian berita anugerah dari Tuhan.,1,Announcement
1522,U:	Syukur kepada Allah,1,Announcement
1539,PF:	(Doa Epiklese),1,Announcement
1541,L1:	Bacaan pertama dari Yesaya 52:13-53:12;,1,Announcement
1542,Demikianlah Sabda Tuhan,1,Announcement
1543,U:	Syukur kepada Allah,1,Announcement
1544,Mazmur Tanggapan,1,Announcement
1545,L2:	Mari kita tanggapi Firman Tuhan dengan membaca Mazmur 22; secara litani (bisa juga didaraskan),1,Announcement
1547,L3:	Bacaan kedua dari Ibrani 10:16-25;,1,Announcement
1548,Demikianlah Sabda Tuhan,1,Announcement
1549,U:	Syukur kepada Allah,1,Announcement
1550,Pembacaan Injil,1,Announcement
1551,"PF:	Pembacaan Injil, dari Yohanes 18:1-19:42",1,Announcement
1552,"Demikian Injil Yesus Kristus, yang berbahagia ialah mereka yang mendengarkan Firman Tuhan dan yang memeliharanya. HOSIANA.",1,Announcement
1553,U: 	(menyanyikan HOSIANA),1,Announcement
1554,"M3 : Bersama dengan umat Tuhan, marilah kita memperbarui iman percaya kita dengan mengucapkan Pengakuan Iman Rasuli bersama-sama.",1,Announcement
1555,"PF:	(Menaikkan doa syafaat, bisa diakhiri dengan Doa Bapa Kami)",1,Announcement
1556,"M4:	Saudara yang dikasihi dan diberkati Tuhan, marilah mengungkapkan rasa syukur kita kepada Tuhan atas kasih dan pengurbannan-Nya bagi  kita, dengan mengingat Mazmur 107:1-3 Bersyukurlah---kepada TUHAN,- sebab Ia baik!-Bahwasanya untuk selama-lamanya kasih setia-Nya.- Biarlah itu dikatakan orang-orang yang ditebus---TUHAN, yang ditebus-Nya dari kuasa yang menyesakkan,-yang dikumpulkan-Nya---dari negeri-negeri, dari timur dan dari barat, dari utara dan dari selatan",1,Announcement
1557,"Marilah  sebelum kita membawa persembahan , kita awali dengan memujikan PKJ 146:1, (kantong diedarkan dengan diiringi instrumen), dan setelah selesai diedarkan jemaat  memujikan bait ke 2",1,Announcement
1558,"NKB 183:1-3 ""DULU 'KU MENCARI""",1,Announcement
1563,PF:	Marilah kita mengingat bahwa Yesus setia menjalankan kehendak  Bapa di Sorga hingga rela menderita mati berkorban bagi setiap kita,1,Announcement
1564,U:	kami akan mengahayati-Nya dalam hidup kami,1,Announcement
1565,PF:	Marilah kita memohon agar kasih Kristus senantiasa hadir di tengah hidup yang penuh derita dan pergumulan ini.,1,Announcement
1566,U:	dan kami akan terus berbagi kemuliaan salib itu!,1,Announcement
1567,"KJ. 178 ""KAR'NA KASIHNYA PADAKU""",1,Announcement
1572,"PF: 	Pulanglah dalam damai sejahtera-Nya dan terimalah berkat Tuhan: ""Kasih karunia Tuhan Yesus Kristus melalui penderitaan-Nya di kayu salib. Kasih Allah yang berkenan mengutus Putra-Nya ke dunia ini dan persekutuan Roh Kudus yang membuat saudara mampu hidup dan mati bersama Dia, menyertai saudara sekalian"" Amin.",1,Announcement
1574,"M1:	Saudara yang dikasihi Tuhan, marilah kita mempersiapkan diri untuk memasuki kebaktian Sabtu Sunyi. Pada hari ini kita turut merasakan kegelisahan dan kesedihan para pengikut Yesus setelah Ia disalibkan. Dengan sikap hati yang teduh, kita menundukkan diri dihadapan-Nya. Kita memohon, agar Kristus tetap menerangi hati kita dengan cinta kasih-Nya, agar kehidupan kita tidak dikuasai oleh kegelapan. Kita nyanyikan PKJ 308 (diulang secukupnya).",1,Announcement
1585,N:	(membacakan Ayub 14:1-6 dengan penuh penghayatan),1,Announcement
1586,"""Manusia yang lahir dari perempuan, singkat umurnya dan penuh kegelisahan.",1,Announcement
1587,"Seperti bunga ia berkembang, lalu layu, seperti bayang-bayang ia hilang lenyap dan tidak dapat bertahan.",1,Announcement
1588,"Masakan Engkau menujukan pandangan-Mu kepada orang seperti itu, dan menghadapkan kepada-Mu untuk diadili?",1,Announcement
1589,Siapa dapat mendatangkan yang tahir dari yang najis? Seorangpun tidak!,1,Announcement
1590,"Jikalau hari-harinya sudah pasti, dan jumlah bulannya sudah tentu pada-Mu, dan batas-batasnya sudah Kautetapkan, sehingga tidak dapat dilangkahinya,",1,Announcement
1591,"hendaklah Kaualihkan pandangan-Mu dari padanya, agar ia beristirahat, sehingga ia seperti orang upahan dapat menikmati harinya.",1,Announcement
1592,U:	(menyanyikan KJ 26:1-2),1,Announcement
1601,N:	(membacakan Ayub 14:7-14 dengan penuh penghayatan),1,Announcement
1602,"Karena bagi pohon masih ada harapan: apabila ditebang, ia bertunas kembali, dan tunasnya tidak berhenti tumbuh.",1,Announcement
1603,"Apabila akarnya menjadi tua di dalam tanah, dan tunggulnya mati di dalam debu, 14:9 maka bersemilah ia, setelah diciumnya air, dan dikeluarkannyalah ranting seperti semai.",1,Announcement
1604,"Tetapi bila manusia mati, maka tidak berdayalah ia, bila orang binasa, di manakah ia?",1,Announcement
1605,"Seperti air menguap dari dalam tasik, dan sungai surut dan menjadi kering,",1,Announcement
1606,"demikian juga manusia berbaring dan tidak bangkit lagi, sampai langit hilang lenyap, mereka tidak terjaga, dan tidak bangun dari tidurnya.",1,Announcement
1607,"Ah, kiranya Engkau menyembunyikan aku di dalam dunia orang mati, melindungi aku, sampai murka-Mu surut; dan menetapkan waktu bagiku, kemudian mengingat aku pula!",1,Announcement
1608,"Kalau manusia mati, dapatkah ia hidup lagi?",1,Announcement
1609,"Maka aku akan menaruh harap selama hari-hari pergumulanku, sampai tiba giliranku....",1,Announcement
1610,U:	(menyanyikan KJ 26:3-4),1,Announcement
1618,PF:	(Doa Epiklese),1,Announcement
1619,Pembacaan Alkitab,1,Announcement
1620,PF:	Matius 27:57-66 berbunyi demikian….,1,Announcement
1621,"Demikian Injil Yesus Kristus, yang berbahagia ialah mereka yang mendengarkan Firman Tuhan dan yang memeliharanya. HOSIANA.",1,Announcement
1622,U: 	(menyanyikan HOSIANA),1,Announcement
1635,Nyanyian Pengutusan,1,Announcement
1636,U:	(Menyanyikan PKJ 307 diulang secukupnya),1,Announcement
1637,"PKJ 307 ""TUHANLAH KEKUATANKU""",1,Announcement
1643,PF:	Pulanglah dalam pengharapan akan janji Allah. Ia terus berkarya walau dalam situasi kehidupan yang berat. Jalanilah hidup dengan teguh dan setialah melakukan pang-gilan-Nya.,1,Announcement
1644,U:	Syukur kepada Allah.,1,Announcement
1645,"PF:	Tuhan memberkati saudara dan melindungi saudara, Tuhan menyinari saudara dengan wajah-Nya dan memberi saudara kasih karunia. 	Tuhan menghadapkan wajah-Nya kepada saudara dan memberi saudara damai sejahtera, Amin.",1,Announcement
1646,"U:	(menyanyikan Hosiana, Amin)",1,Announcement
1654,"M1:	Kegelapan identik dengan ketiadaan, kematian identik dengan tanda akhir kehidupan. Namun tatkala Yesus bangkit, yang tiada menjadi ada. Ada pengharapan baru, ada pemahaman baru, ada semangat baru untuk merayakan keselamatan yang diberikan Tuhan. Jemaat terkasih mari bersama kita rayakan kebangkitan Yesus Kristus Tuhan kita. Jemaat berdiri dan menyanyikan PKJ 88:1+2 PAGI HARI YANG SUNYI)",1,Announcement
1690,"PF 	:-	Bagi setiap orang yang sungguh-sungguh bertobat, Tuhan menyatakan anugerah-Nya: ""Terpujilah Allah dan Bapa Tuhan kita Yesus Kristus, yang karena rahmat-Nya yang besar telah melahirkan kita kembali oleh kebangkitan Yesus Kristus dari antara orang mati, kepada suatu hidup yang penuh pengharapan"" (1 Petrus 1:3). Demikianlah Berita Anugerah dari Tuhan",1,Announcement
1691,J	:	Syukur kepada Allah,1,Announcement
1692,"(Jemaat saling bersalaman namaste sambil berkata ""Yesus bangkit dan memberikan pengharapan""",1,Announcement
1704,"M1:	Dengan sikap berdiri, marilah kita mengikrarkan pengakuan iman kita dengan menyanyikan KJ 280:1-3 ""AKU PERCAYA""",1,Announcement
1718,"M2	:	Lalu Ia berkata: ""Aku berkata kepadamu, sesungguhnya janda miskin ini memberi lebih banyak dari pada semua orang itu.-Sebab mereka semua memberi persembahannya dari kelimpahannya, tetapi janda ini memberi dari kekurangannya, bahkan ia memberi seluruh nafkahnya."" (Lukas 21:3-4)",1,Announcement
1723,M2:	DOA PERSEMBAHAN (Umat Berdiri),1,Announcement
1724,(M2 menaikkan doa persembahan),1,Announcement
1726,P:	Yesus telah bangkit dan oleh karena kuasa kebangkitan-Nya kita dikuatkan dan dimampukan menjadi manusia Paska. Karena itu arahkanlah hatimu kepada Tuhan,1,Announcement
1727,U: 	Kami mengarahkan hati kepada Tuhan,1,Announcement
1728,P: 	Jadilah saksi Kristus,1,Announcement
1729,U: 	Kami siap menjadi saksi Kristus,1,Announcement
1730,P: 	Terpujilah Tuhan,1,Announcement
1731,U: 	Kini dan selamanya,1,Announcement
1743,"P:	Terpujilah Allah dan Bapa Tuhan kita Yesus Kristus, yang karena rahmat-Nya yang besar telah melahirkan kita kembali oleh kebangkitan Yesus Kristus dari antara orang mati, kepada suatu hidup yang penuh pengharapan, untuk menerima suatu bagian yang tidak dapat binasa, yang tidak dapat cemar dan tidak dapat layu, yang tersimpan di Sorga bagi kamu (1Petrus 1:3,4). Amin",1,Announcement
1744,"U: 	Haleluya 5X, Amin 3X",1,Announcement
1746,"L:	Selamat sore Bapak/Ibu/Sdr sekalian! Kita bersyukur bahwa Tuhan sudah memberikan kita berbagai kesempatan dan media untuk tetap dekat dengan-Nya, salah satunya melalui media online ini. Kita tetap dapat merasakan kasih dan penyertaan Tuhan dalam kehidupan kita. Mari kita ambil nafas sejenak, kita mengingat kembali segala kebaikan dan kasih Tuhan yang kita rasakan. Layaknya siang yang indah dan keharuman mawar begitulah kasih Tuhan dalam hidup kita.",1,Announcement
1747,"PKJ 242:1-2 ""SEINDAH SIANG DISINARI TERANG""",1,Announcement
1770,"L: 	Biarlah kasih setia Tuhan senantiasa diam dalam hidup kita sebagaimana Firman-Nya dalam Yesaya 54: 10, 'Biarpun gunung-gunung beranjak dan bukit-bukit bergoyang, tetapi kasih setia-Ku tidak akan beranjak dari padamu, dan perjanjian damai-Ku tidak akan bergoyang,' firman Tuhan yang mengasihani engkau'.",1,Announcement
1771,"KJ 329: 1,3,5 ""TINGGAL SERTAKU""",1,Announcement
1804,L:	Tuhan berfirman dalam Roma 10:9,1,Announcement
1805,"""Sebab jika kamu mengaku dengan mulutmu, bahwa Yesus adalah Tuhan, dan percaya dalam hatimu, bahwa Allah telah membangkitkan Dia dari antara orang mati, maka kamu akan diselamatkan"".",1,Announcement
1806,"Puji syukur kepada Tuhan, karena Ia memberikan keselamatan melalui pengorbanan Tuhan Yesus Kristus. Kini marilah ungkapan syukur dan penyerahan diri kita kepada Tuhan, kita wujudkan dalam bentuk persembahan.",1,Announcement
1807,Kita nyanyikan nyanyian syukur kita dari KJ 216:1-2,1,Announcement
1808,"KJ 216:1,2 SANG KRISTUS T'LAH BANGKIT",1,Announcement
1818,"L:	(menaikkan doa persembahan, dan memimta umat berdiri)",1,Announcement
1819,"L: 	Ia adalah Allah yang selalu hadir bagi kita, tanpa kasih-Nya kita tak akan mampu menang bersama Ia yang menang atas maut. Kasih-Nya yang begitu besar melampaui segala dosa kita, melampaui segala ketidaktahuan kita. Hanya kasih-Nya yang sanggup memulihkan dan memberikan hidup baru bagi kita. Amin!",1,Announcement
1824,"PF:	Pulanglah dalam sukacita karena Ia yang bangkit tak akan pernah meninggalkan kita. Ia adalah Allah yang senantiasa ada bersama dengan kita, sekalipun kita belum dapat melihat kasih-Nya. Ia selalu ada dalam tawa dan tangis bahkan dalam ketidaktahuan kita.",1,Announcement
1825,"PF: Kristus Yesus yang bangkit senantiasa memberikan anugerah dan kasih-Nya kepada kita, disertai damai sejahtera Allah Bapa dan dalam kuasa tuntunan Roh Kudus, kini dan sampai akhir zaman. Amin",1,Announcement
1826,L: (Menyanyikan NKB 225 - Haleluya Amin),1,Announcement
1828,"L: 	Ibadah Online kita sudah selesai, biarlah sukacita kemenangan senantiasa memapukan kita untuk terus menang atas segala persoalan kehidupan. Selamat Paska! Selalu Sehat Selalu!",1,Announcement
1829,Host Mengakhiri Siaran Ibadah Online,1,Announcement
1844,"Pujian ""Mata Tuhan Melihat""",1,Announcement
1846,"Pujian Persiapan Firman ""Yesus Sayang Padaku"" (Kidung Ceria 90)",1,Announcement
1847,Penyampaian Firman,1,Announcement
1848,"Persembahan ""Aku Bawa dan Berikan"" (Kidung Ceria 355)",1,Announcement
1849,Doa Persembahan dan Penutup,1,Announcement
1850,"Pujian Penutup ""Yesus, Pimpin Langkahku"" (Kidung Ceria 319)",1,Announcement
1851,PENYAMPAIAN FIRMAN TUHAN,1,Announcement
1853,1.  Kreativitas Penyampaian,1,Announcement
1864,Mewarnai gambar Yesus memakai mahkota duri.,1,Announcement
1865,Bahan Yang Dibutuhkan:,1,Announcement
1866,Copy lembar Yesus di hadapan Pilatus,1,Announcement
1869,Kreativitas Penyampaian,1,Announcement
1880,Mewarnai gambar Yesus memakai mahkota duri.,1,Announcement
1881,Bahan Yang Dibutuhkan:,1,Announcement
1882,Copy lembar Yesus di hadapan Pilatus,1,Announcement
1885,Kreativitas Penyampaian,1,Announcement
1896,Bahan Yang Dibutuhkan,1,Announcement
1897,Kertas kerja dan alat tulis,1,Announcement
1898,Langkah Pembuatan,1,Announcement
1899,Setiap anak diminta memberi tanda F0FC yang berarti sesuai atau tidak sesuai dengan kebenaran yang Tuhan kehendaki hal-hal berikut ini:,1,Announcement
1902,(gambar wajah terseyum),1,Announcement
1905,(gambar orang banyak di hadapan Pilatus),1,Announcement
1907,(gambar Yesus dan Barabas),1,Announcement
1932,"Pujian ""Kasih-Nya Seperti Sungai""",1,Announcement
1934,"Pujian Persiapan Firman ""Yesus Sayang Padaku"" (Kidung Ceria 90).",1,Announcement
1935,Penyampaian Firman,1,Announcement
1936,"Persembahan ""Tuhan Betapa Banyaknya"" (Kidung Ceria 264)",1,Announcement
1937,Doa Persembahan dan Penutup,1,Announcement
1938,"Pujian Penutup ""Yesus Disalibkan Karena Cinta-Nya""",1,Announcement
1939,PENYAMPAIAN FIRMAN TUHAN,1,Announcement
1941,1.  Kreativitas Penyampaian,1,Announcement
1953,Bahan Yang Dibutuhkan,1,Announcement
1954,Copy lembar gambar salib,1,Announcement
1956,Langkah Pembuatan,1,Announcement
1957,Mintalah anak menuliskan namanya pada bagian bawah gambar salib yang tersedia. GSM dapat membantunya.,1,Announcement
1959,Kreativitas Penyampaian,1,Announcement
1973,Bahan Yang Dibutuhkan,1,Announcement
1974,Copy lembar gambar salib,1,Announcement
1975,Alat tulis dan pensil warna,1,Announcement
1976,Langkah Pembuatan,1,Announcement
1977,Mintalah anak menuliskan namanya pada bagian bawah gambar salib yang tersedia. Setelah itu minta anak-anak menghiasnya dengan pensil warna.,1,Announcement
1979,Kreativitas Penyampaian,1,Announcement
1992,Bahan Yang Dibutuhkan,1,Announcement
1995,Langkah Pembuatan,1,Announcement
1996,Mintalah anak membuat origami salib (dapat melihat https://www.youtube.com/watch?v=yHhBkAOjEJw),1,Announcement
2017,"Pujian ""Kumenang, Kumenang""",1,Announcement
2019,"Pujian Persiapan Firman ""Alkitab Mengisahkan"" (Kidung Ceria 139)",1,Announcement
2020,Penyampaian Firman,1,Announcement
2021,"Persembahan ""Aku Bawa dan Berikan"" (KJ 301)",1,Announcement
2022,Doa Persembahan dan Penutup,1,Announcement
2023,"Pujian Penutup ""Hompila Hopimpa"" (lihat: https://www.youtube.com/watch?v=rm3x7MH7-vY)",1,Announcement
2024,PENYAMPAIAN FIRMAN TUHAN,1,Announcement
2026,1.  Kreativitas Penyampaian,1,Announcement
2038,Bahan Yang Dibutuhkan,1,Announcement
2039,Telur yang sudah direbus,1,Announcement
2040,Kertas warna dan lem,1,Announcement
2041,Langkah Pembuatan,1,Announcement
2042,Mintalah anak-anak menghias telur yang telah direbus.,1,Announcement
2043,Makna Aktivitas,1,Announcement
2044,Kepada anak sampaikan bahwa telur bermakna kehidupan. Anak-anak diajak untuk melihat bahwa Yesus hidup dan menang.,1,Announcement
2046,Kreativitas Penyampaian,1,Announcement
2058,Bahan Yang Dibutuhkan,1,Announcement
2059,Telur yang sudah direbus,1,Announcement
2060,Kertas warna dan lem,1,Announcement
2061,Langkah Pembuatan,1,Announcement
2062,Mintalah anak-anak menghias telur yang telah direbus.,1,Announcement
2063,Makna Aktivitas,1,Announcement
2064,Kepada anak sampaikan bahwa telur bermakna kehidupan. Anak-anak diajak untuk melihat bahwa Yesus hidup dan menang.,1,Announcement
2066,Kreativitas Penyampaian,1,Announcement
2077,Bahan Yang Dibutuhkan,1,Announcement
2078,Telur yang sudah direbus,1,Announcement
2079,Kertas warna dan lem,1,Announcement
2080,Langkah Pembuatan,1,Announcement
2081,Mintalah anak-anak menghias telur yang telah direbus. Setelah selesai dihias mereka dapat membagikannya pada anak-anak kecil yang belum mendapatkan telur Paska.,1,Announcement
2082,Makna Aktivitas,1,Announcement
2083,Kepada anak sampaikan bahwa telur bermakna kehidupan. Anak-anak diajak untuk melihat bahwa Yesus hidup dan menang.,1,Announcement
2085,(gambar: orang menangis),1,Announcement
2087,(gambar: batu penutup makam terguling),1,Announcement
2089,(gambar: Yesus yang bangkit dan Maria Magdalena),1,Announcement
2180,PA dapat diawali dengan menyanyikan KJ 164:1-2,1,Announcement
2198,Langkah 5: Doa Bersama,1,Announcement
2199,"Pemandu PA mendaftar ketakutan-ketakutan yang diungkapkan peserta PA di awal. Daftar itu menjadi panduan untuk doa syafaat dalam rangka mendoakan orang-orang yang sedang bergumul dalam hidupnya, khususnya menghadapi ketakutan mereka.",1,Announcement
2200,"Doa dapat dibawakan oleh 2-3 orang yang ditunjuk, mewakili ragam usia & gender.",1,Announcement
2201,PA dapat diakhiri dengan nyanyian KJ 416:1 (dinyanyikan 2X),1,Announcement
2203,PA dapat diawali dengan menyanyikan KJ 352:1-2,1,Announcement
2220,Langkah 3: Diskusi Kelompok,1,Announcement
2221,Pemandu PA membagi peserta PA dalam 2-3 kelompok. Kepada masing-masing kelompok disodorkan pertanyaan:,1,Announcement
2222,"Menurut Saudara, apakah teriakan Yesus di ayat 37 merupakan teriakan menggugat ataukah teriakan kepasrahan? Berikan alasannya!",1,Announcement
2223,"Di negeri kita juga ada sekian banyak orang yang menjadi korban ketidakadilan, termasuk orang-orang yang diculik dan dibunuh bahkan tanpa jejak. Dalam rangka menghayati keberadaan kita sebagai manusia paska, apa yang dapat kita lakukan dalam persoalan tersebut?",1,Announcement
2224,Langkah 4: Doa Bersama,1,Announcement
2225,"Pemandu PA menunjuk 2-3 orang untuk menyampaikan doa-doa, khususnya mendoakan orang-orang yang bergumul dalam sakit dan derita menjelang kematian, mendoakan keluarga agar terus dapat menjadi komunitas pendukung, mendoakan para korban ketidakadilan dan keluarganya.",1,Announcement
2226,PA dapat diakhiri dengan menyanyikan NKB 128:1 (dinyanyikan 2X).,1,Announcement
2257,Langkah 5: Doa Bersama,1,Announcement
2258,Pemandu PA menunjuk 2-3 orang untuk memandu doa bersama. Di antaranya mendoakan alam semesta dan lingkungan sekitar yang mengalami kerusakan; mendoakan para penyintas yang terdampak akibat kerusakan lingkungan; serta mendoakan umat Allah/gereja agar menjalankan komitmen untuk mewartakan Injil bagi segala makhluk.,1,Announcement
2259,PA dapat diakhiri dengan menyanyikan PKJ 242:1-2,1,Announcement
2261,Adiyuswa dapat merefleksikan peristiwa-peristiwa pahit atau tidak menyenangkan dalam hidupnya dalam terang anugerah Tuhan yang mendidik dan melatih umatnya.,1,Announcement
2262,Adiyuswa dengan semangat menjalani puasa dalam masa Pra-Paska sebagai salah satu sarana melatih diri di dalam Tuhan sebagai murid Tuhan.,1,Announcement
2263,"Adiyuswa menghayati, mensyukuri dan bersukacita bahwa Tuhan masih terus melatihnya untuk menuju pada penyem-purnaan di dalam Tuhan.",1,Announcement
2315,"Adiyuswa dapat menerima persoalan-persoalan relasi dalam kehidupan keluarga besarnya (anak cucu), juga dengan orang-orang di sekitarnya dengan syukur.",1,Announcement
2316,"Adiyuswa terus mampu menjadi suh atau pengikat persatuan dalam keluarga, juga dalam kehidupan bersama di gereja dan di masyarakat.",1,Announcement
2346,Adiyuswa berbagi kisah sukses yang memberi inspirasi iman.,1,Announcement
2347,"Adiyuswa lebih menonjolkan kesaksian tentang Kristus dan karya-Nya, bukan tentang dirinya sendiri.",1,Announcement
2380,2.	NYANYIAN PUJIAN,1,Announcement
2386,4.	NYANYIAN PUJIAN,1,Announcement
2409,"Memohon agar umat bisa melihat besarnya kasih Yesus, memiliki citra Kristus, dan hidup dalam kasih dan kemurahan pada sesama.",1,Announcement
2410,"Berdoa agar menjadi umat yang rendah hati, melihat dan mengakui dosa diri sendiri dan sedia memperbaikinya.",1,Announcement
2411,"Mendoakan persekutuan agar menjadi tempat saling meneguhkan iman satu sama lain, terutama dalam menghadapi masalah hidup saat ini.",1,Announcement
2430,5.	PEMBACAAN ALKITAB: Lukas 23:43,1,Announcement
2446,Memohon agar dimampukan untuk selalu mawas diri dan hidup dalam pertobatan.,1,Announcement
2447,Mendoakan supaya persekutuan menjadi tempat belajar hidup dalam cinta kasih dan pengampunan.,1,Announcement
2472,5.	PEMBACAAN ALKITAB: Yohanes 19:26-27,1,Announcement
2495,Mendoakan supaya teladan cinta kasih Yesus diikuti oleh persekutuan umat Allah.,1,Announcement
2496,Memohon agar relasi antara anak dan orang tua terjalin dengan penuh cinta.,1,Announcement
2518,"KJ 169:1-2 ""MEMANDANG SALIB RAJAKU""",1,Announcement
2523,5.	PEMBACAAN ALKITAB: Matius 15:34,1,Announcement
2535,"KJ 180:1-6 ""LIHATLAH KAYU SALIB""",1,Announcement
2547,Tanda cinta Putra Allah bagi manusia,1,Announcement
2559,"KJ 60:1, 4 ""HAI MAKHLUK ALAM SEMESTA""",1,Announcement
2568,3.	DOA PEMBUKAAN,1,Announcement
2575,5.	PEMBACAAN ALKITAB: Yohanes 19:28-29,1,Announcement
2605,"KJ 369a:1-2 ""YA YESUS KU BERJANJI""",1,Announcement
2606,"Ya Yesus, 'ku berjanji setia pada-Mu;",1,Announcement
2607,"kupinta Kau selalu dekat, ya Tuhanku.",1,Announcement
2608,"Di kancah pergumulan jalanku tak sesat,",1,Announcement
2609,"kar'na Engkau temanku,",1,Announcement
2610,Pemimpin terdekat.,1,Announcement
2611,"Dekaplah aku, Tuhan, diribut dunia",1,Announcement
2612,Penuh kilauan hampa dan suara godanya.,1,Announcement
2613,Di dalam dan di luar si jahat mendesak.,1,Announcement
2614,"Perisai lawan dosa, ya Tuhan, Kau tetap.",1,Announcement
2616,4.	NYANYIAN PUJIAN,1,Announcement
2617,"KJ 184: 1-3 ""YESUS SAYANG PADAKU""",1,Announcement
2618,Yesus sayang padaku; Alkitab mengajarku.,1,Announcement
2619,"Walau 'ku kecil, lemah, aku ini milik-Nya.",1,Announcement
2621,Yesus Tuhanku sayang padaku;,1,Announcement
2622,Itu firman-Nya di dalam Alkitab,1,Announcement
2623,"Yesus sayang padaku, Ia mati bagiku;",1,Announcement
2624,"dosaku dihapus-Nya, sorga pun terbukalah. Reff",1,Announcement
2625,"Yesus sayang padaku, waktu sakit badanku",1,Announcement
2626,aku ditunggui-Nya dari sorga mulia. Reff,1,Announcement
2627,5.	PEMBACAAN ALKITAB: Yohanes 19:30,1,Announcement
2635,7.	NYANYIAN TANGGAPAN,1,Announcement
2636,"KJ 183:1-2 „MENJULANG NYATA ATAS BUKIT KALA""",1,Announcement
2637,Menjulang nyata atas bukit kala,1,Announcement
2638,"t'rang benderang salib-Mu, Tuhanku.",1,Announcement
2639,Dari sinarnya yang menyala-nyala,1,Announcement
2640,memancar kasih agung dan restu.,1,Announcement
2641,Seluruh umat insan menengadah,1,Announcement
2642,ke arah cahya kasih yang mesra.,1,Announcement
2643,Bagai pelaut yang karam merindukan,1,Announcement
2644,di ufuk timur pagi merekah,1,Announcement
2645,Salib-Mu kristus tanda pengasihan,1,Announcement
2646,"mengangkat hati yang remuk redam,",1,Announcement
2647,membuat dosa yang tak terperikan,1,Announcement
2648,di lubuk cinta Tuhan terbenam.,1,Announcement
2649,"Di dalam Tuhan kami balik lahir,",1,Announcement
2650,"insan bernoda kini berseri,",1,Announcement
2651,Teruras darah suci yang mengalir,1,Announcement
2652,di salib pada bukit Kalvari,1,Announcement
2653,8.	DOA SYAFAAT DAN PENUTUP,1,Announcement
2656,9.	NYANYIAN PENUTUP,1,Announcement
2657,"KJ 334:1-3 ""INGAT AKAN NAMA YESUS""",1,Announcement
2658,"Ingat akan nama Yesus, kau yang susah dan sedih:",1,Announcement
2659,Nama itu menghiburmu k'mana saja kau pergi.,1,Announcement
2661,"Indahlah nama-Nya, pengharapan dunia!",1,Announcement
2662,"Indahlah nama-Nya, suka sorga yang baka!",1,Announcement
2663,"Bawa nama Tuhan Yesus, itulah perisaimu.",1,Announcement
2664,"Bila datang pencobaan, itu yang menolongmu. Reff",1,Announcement
2665,"Sungguh agung nama Yesus, hati kita bergemar.",1,Announcement
2666,"Bila kita dirangkul-Nya, sukacita pun besar. Reff",1,Announcement
2675,Kami Akan Pergi Kepada Siapa - PKJ 303,1,Announcement
2676,(Dinyanyikan berulang-ulang 5x),1,Announcement
2765,"Catatan: Pertanyaan dapat ditambahi, diolah atau dikembangkan sesuai dengan situasi dan kondisi jemaat.",1,Announcement
